{
    "SEW100W (SF40B01030C3004)": {
        "基本参数": {
            "品牌": "杭州中科伺尔沃",
            "电机类型": "旋转型无刷电机/伺服永磁电机",
            "极对数 [1]": 4,
            "额定功率 [Watt]": 100,
            "额定转速 [rpm]": 3000,
            "额定电流 [Arms]": 3.5,
            "转动惯量 [kg.cm^2]": 0.035,
            "母线电压 [Vdc]": 48,
            "最大转速 [rpm]": 3200,
            "最大转矩 [Nm]": 0.7,
            "最大电流 [Arms]": 7,
            "堵转电流 [Arms]": 4.5,
            "反伽马漏电感 [mH]": NaN,
            "反伽马转子电阻 [Ohm]": NaN,
            "定子D轴电感 [mH]": 2.05,
            "定子Q轴电感 [mH]": 2.05,
            "定子电阻 [Ohm]": 0.475,
            "D轴线电感 [mH]": 4.1,
            "Q轴线电感 [mH]": 4.1,
            "线电阻 [Ohm]": 0.95,
            "额定转矩 [Nm]": 0.31830989161357204,
            "转矩常数 [Nm/Arms]": 0.09094568331816344,
            "转矩常数 [Nm/Apeak]": 0.06431802214863044,
            "额定反电势系数 [Wb]": 0.010719670358105074,
            "反电势常数CJH [mV/rpm]": 4.490244942861633,
            "额定反电势CJH [V]": 13.470734828584897,
            "额定反电势CJH [Vrms]": 9.526686583157636,
            "编码器类型": "增量式编码器-正交型",
            "编码器分辨率 [cnt/rev]": 10000,
            "编码器线数 [line/rev]": 2500,
            "备注": NaN
        },
        "参数辨识": {
            "电阻R [Ohm]": 0,
            "电感Ld [Ohm]": 0,
            "电感Lq [Ohm]": 0,
            "永磁体磁链ψPM [Wb]": 0,
            "反电势系数KE [mV/rpm]": 0
        }
    },
    "SEW200W (SF60S02030C2004)": {
        "基本参数": {
            "品牌": "杭州中科伺尔沃",
            "电机类型": "旋转型无刷电机/伺服永磁电机",
            "极对数 [1]": 4,
            "额定功率 [Watt]": 200,
            "额定转速 [rpm]": 3000,
            "额定电流 [Arms]": 6.5,
            "转动惯量 [kg.cm^2]": 0.024,
            "母线电压 [Vdc]": 48,
            "最大转速 [rpm]": 3800,
            "最大转矩 [Nm]": 2.24,
            "最大电流 [Arms]": 6.5,
            "堵转电流 [Arms]": 6.5,
            "反伽马漏电感 [mH]": NaN,
            "反伽马转子电阻 [Ohm]": NaN,
            "定子D轴电感 [mH]": 0.7,
            "定子Q轴电感 [mH]": 0.7,
            "定子电阻 [Ohm]": 0.2465,
            "D轴线电感 [mH]": 1.4,
            "Q轴线电感 [mH]": 1.4,
            "线电阻 [Ohm]": 0.493,
            "额定转矩 [Nm]": 0.6366197832271441,
            "转矩常数 [Nm/Arms]": 0.09794150511186832,
            "转矩常数 [Nm/Apeak]": 0.0692655623139097,
            "额定反电势系数 [Wb]": 0.011544260385651617,
            "反电势常数CJH [mV/rpm]": 4.835648400004835,
            "额定反电势CJH [V]": 14.506945200014506,
            "额定反电势CJH [Vrms]": 10.259508628015917,
            "编码器类型": "增量式编码器-正交型",
            "编码器分辨率 [cnt/rev]": 10000,
            "编码器线数 [line/rev]": 2500,
            "备注": NaN
        },
        "参数辨识": {
            "电阻R [Ohm]": 0,
            "电感Ld [Ohm]": 0,
            "电感Lq [Ohm]": 0,
            "永磁体磁链ψPM [Wb]": 0,
            "反电势系数KE [mV/rpm]": 0
        }
    },
    "SEW400W (SF60B04030C2004)": {
        "基本参数": {
            "品牌": "杭州中科伺尔沃",
            "电机类型": "旋转型无刷电机/伺服永磁电机",
            "极对数 [1]": 4,
            "额定功率 [Watt]": 400,
            "额定转速 [rpm]": 3000,
            "额定电流 [Arms]": 12.8,
            "转动惯量 [kg.cm^2]": 0.16,
            "母线电压 [Vdc]": 48,
            "最大转速 [rpm]": 3200,
            "最大转矩 [Nm]": 1.27,
            "最大电流 [Arms]": 12.8,
            "堵转电流 [Arms]": 3,
            "反伽马漏电感 [mH]": NaN,
            "反伽马转子电阻 [Ohm]": NaN,
            "定子D轴电感 [mH]": 0.466,
            "定子Q轴电感 [mH]": 0.466,
            "定子电阻 [Ohm]": 0.152,
            "D轴线电感 [mH]": 0.932,
            "Q轴线电感 [mH]": 0.932,
            "线电阻 [Ohm]": 0.304,
            "额定转矩 [Nm]": 1.2732395664542882,
            "转矩常数 [Nm/Arms]": 0.09947184112924126,
            "转矩常数 [Nm/Apeak]": 0.07034783672506455,
            "额定反电势系数 [Wb]": 0.011724639454177425,
            "反电势常数CJH [mV/rpm]": 4.911205406254911,
            "额定反电势CJH [V]": 14.733616218764736,
            "额定反电势CJH [Vrms]": 10.419813450328668,
            "编码器类型": "增量式编码器-正交型",
            "编码器分辨率 [cnt/rev]": 10000,
            "编码器线数 [line/rev]": 2500,
            "备注": NaN
        },
        "参数辨识": {
            "电阻R [Ohm]": 0,
            "电感Ld [Ohm]": 0,
            "电感Lq [Ohm]": 0,
            "永磁体磁链ψPM [Wb]": 0,
            "反电势系数KE [mV/rpm]": 0
        }
    },
    "DCMotor100W": {
        "基本参数": {
            "品牌": NaN,
            "电机类型": "旋转型直流有刷电机",
            "极对数 [1]": 1,
            "额定功率 [Watt]": 43,
            "额定转速 [rpm]": 3000,
            "额定电流 [Arms]": 2.4,
            "转动惯量 [kg.cm^2]": 0.04,
            "母线电压 [Vdc]": 24,
            "最大转速 [rpm]": 3200,
            "最大转矩 [Nm]": 0.137,
            "最大电流 [Arms]": 2.4,
            "堵转电流 [Arms]": 1.1,
            "反伽马漏电感 [mH]": NaN,
            "反伽马转子电阻 [Ohm]": NaN,
            "定子D轴电感 [mH]": 0.122,
            "定子Q轴电感 [mH]": 0.122,
            "定子电阻 [Ohm]": 0.25,
            "D轴线电感 [mH]": 0.244,
            "Q轴线电感 [mH]": 0.244,
            "线电阻 [Ohm]": 0.5,
            "额定转矩 [Nm]": 0.13687325339383596,
            "转矩常数 [Nm/Arms]": 0.05703052224743165,
            "转矩常数 [Nm/Apeak]": 0.04033275972237033,
            "额定反电势系数 [Wb]": 0.026888506481580223,
            "反电势常数CJH [mV/rpm]": 2.8157577662528155,
            "额定反电势CJH [V]": 8.447273298758446,
            "额定反电势CJH [Vrms]": 5.974026378188435,
            "编码器类型": "增量式编码器-正交型",
            "编码器分辨率 [cnt/rev]": 2000,
            "编码器线数 [line/rev]": 500,
            "备注": NaN
        },
        "参数辨识": {
            "电阻R [Ohm]": 0,
            "电感Ld [Ohm]": 0,
            "电感Lq [Ohm]": 0,
            "永磁体磁链ψPM [Wb]": 0,
            "反电势系数KE [mV/rpm]": 0
        }
    },
    "小红": {
        "基本参数": {
            "品牌": "富生",
            "电机类型": "旋转型感应电机",
            "极对数 [1]": 2,
            "额定功率 [Watt]": 4000,
            "额定转速 [rpm]": 1440,
            "额定电流 [Arms]": 8.8,
            "转动惯量 [kg.cm^2]": 630,
            "母线电压 [Vdc]": 600,
            "最大转速 [rpm]": 3000,
            "最大转矩 [Nm]": 26.525824301131,
            "最大电流 [Arms]": 8.8,
            "堵转电流 [Arms]": 8.8,
            "反伽马漏电感 [mH]": 24.9,
            "反伽马转子电阻 [Ohm]": 1.6,
            "定子D轴电感 [mH]": 472.9,
            "定子Q轴电感 [mH]": 472.9,
            "定子电阻 [Ohm]": 3.04,
            "D轴线电感 [mH]": 945.8,
            "Q轴线电感 [mH]": 945.8,
            "线电阻 [Ohm]": 6.08,
            "额定转矩 [Nm]": 26.525824301131,
            "转矩常数 [Nm/Arms]": 3.0142982160376133,
            "转矩常数 [Nm/Apeak]": 2.1317526280322583,
            "额定反电势系数 [Wb]": 0.7105842093440861,
            "反电势常数CJH [mV/rpm]": 148.82440625014877,
            "额定反电势CJH [V]": 214.3071450002142,
            "额定反电势CJH [Vrms]": 151.56092291387145,
            "编码器类型": "增量式编码器-正交型",
            "编码器分辨率 [cnt/rev]": 10000,
            "编码器线数 [line/rev]": 2500,
            "备注": "$T_{em}=\\frac{3}{2}n_{pp}\\frac{e}{\\omega}1.414\\frac{i_q}{1.414}=k_T\\left[ \\frac{\\mathrm{Nm}}{\\mathrm{Arms}} \\right] \\frac{i_q}{1.414}$"
        },
        "参数辨识": {
            "电阻R [Ohm]": 0,
            "电感Ld [Ohm]": 0,
            "电感Lq [Ohm]": 0,
            "永磁体磁链ψPM [Wb]": 0,
            "反电势系数KE [mV/rpm]": 0
        }
    },
    "ACSM080-G02430LZ": {
        "基本参数": {
            "品牌": NaN,
            "电机类型": "旋转型无刷电机/伺服永磁电机",
            "极对数 [1]": 4,
            "额定功率 [Watt]": 750,
            "额定转速 [rpm]": 3000,
            "额定电流 [Arms]": 4.2,
            "转动惯量 [kg.cm^2]": 16.2,
            "母线电压 [Vdc]": 110,
            "最大转速 [rpm]": 3000,
            "最大转矩 [Nm]": 2.38732418710179,
            "最大电流 [Arms]": 4.2,
            "堵转电流 [Arms]": 4.2,
            "反伽马漏电感 [mH]": NaN,
            "反伽马转子电阻 [Ohm]": NaN,
            "定子D轴电感 [mH]": 5.7,
            "定子Q轴电感 [mH]": 5.7,
            "定子电阻 [Ohm]": 1.1,
            "D轴线电感 [mH]": 11.4,
            "Q轴线电感 [mH]": 11.4,
            "线电阻 [Ohm]": 2.2,
            "额定转矩 [Nm]": 2.38732418710179,
            "转矩常数 [Nm/Arms]": 0.5684105207385214,